<?xml version="1.0" encoding="UTF-8" standalone="no"?>
<LoganContent xmlns="http://www.oracle.com/DataCenter/LogAnalyticsStd" content_version="2.99.1.0.0" name="content_ocid1.tenancy.oc1..aaaaaaaaxzpxbcag7zgamh2erlggqro3y63tvm2rbkkjz4z2zskvagupiz7a_1740125454287" oms_version="2.99.1.0.0">
   <Field oms_version="2.99.1.0.0">
      <DisplayName>SuricataSignatureID</DisplayName>
      <FieldType>1</FieldType>
      <IsSystem>0</IsSystem>
      <IsPrimary>1</IsPrimary>
      <DataType>INTEGER</DataType>
      <IsMetricKeyEligible>0</IsMetricKeyEligible>
      <IsMetricValueEligible>0</IsMetricValueEligible>
      <FacetEligible>1</FacetEligible>
      <RangeFacetEligible>0</RangeFacetEligible>
      <TableEligible>1</TableEligible>
      <FacetPriority>1</FacetPriority>
      <Summarizable>1</Summarizable>
      <HighCardinality>1</HighCardinality>
      <LargeData>0</LargeData>
      <MultiValued>0</MultiValued>
      <SMAEnabledSetting>0</SMAEnabledSetting>
   </Field>
   <Field oms_version="2.99.1.0.0">
      <DisplayName>SuricataSignature</DisplayName>
      <FieldType>1</FieldType>
      <IsSystem>0</IsSystem>
      <IsPrimary>1</IsPrimary>
      <DataType>STRING</DataType>
      <IsMetricKeyEligible>0</IsMetricKeyEligible>
      <IsMetricValueEligible>0</IsMetricValueEligible>
      <FacetEligible>1</FacetEligible>
      <RangeFacetEligible>0</RangeFacetEligible>
      <TableEligible>1</TableEligible>
      <FacetPriority>1</FacetPriority>
      <Summarizable>1</Summarizable>
      <HighCardinality>1</HighCardinality>
      <LargeData>0</LargeData>
      <MultiValued>0</MultiValued>
      <SMAEnabledSetting>0</SMAEnabledSetting>
   </Field>
   <Field oms_version="2.99.1.0.0">
      <DisplayName>flow.bytes_toserver</DisplayName>
      <Description>Bytes sent to the server.</Description>
      <FieldType>1</FieldType>
      <IsSystem>0</IsSystem>
      <IsPrimary>1</IsPrimary>
      <DataType>INTEGER</DataType>
      <IsMetricKeyEligible>0</IsMetricKeyEligible>
      <IsMetricValueEligible>0</IsMetricValueEligible>
      <FacetEligible>1</FacetEligible>
      <RangeFacetEligible>0</RangeFacetEligible>
      <TableEligible>1</TableEligible>
      <FacetPriority>1</FacetPriority>
      <Summarizable>1</Summarizable>
      <HighCardinality>1</HighCardinality>
      <LargeData>0</LargeData>
      <MultiValued>0</MultiValued>
      <SMAEnabledSetting>0</SMAEnabledSetting>
   </Field>
   <Field oms_version="2.99.1.0.0">
      <DisplayName>http.url</DisplayName>
      <Description>HTTP requested URL path.</Description>
      <FieldType>1</FieldType>
      <IsSystem>0</IsSystem>
      <IsPrimary>1</IsPrimary>
      <DataType>STRING</DataType>
      <IsMetricKeyEligible>0</IsMetricKeyEligible>
      <IsMetricValueEligible>0</IsMetricValueEligible>
      <FacetEligible>1</FacetEligible>
      <RangeFacetEligible>0</RangeFacetEligible>
      <TableEligible>1</TableEligible>
      <FacetPriority>1</FacetPriority>
      <Summarizable>1</Summarizable>
      <HighCardinality>1</HighCardinality>
      <LargeData>0</LargeData>
      <MultiValued>0</MultiValued>
      <SMAEnabledSetting>0</SMAEnabledSetting>
   </Field>
   <Field oms_version="2.99.1.0.0">
      <DisplayName>flow.nbytes_toclient</DisplayName>
      <Description>Bytes received from the server.</Description>
      <FieldType>1</FieldType>
      <IsSystem>0</IsSystem>
      <IsPrimary>1</IsPrimary>
      <DataType>INTEGER</DataType>
      <IsMetricKeyEligible>0</IsMetricKeyEligible>
      <IsMetricValueEligible>0</IsMetricValueEligible>
      <FacetEligible>1</FacetEligible>
      <RangeFacetEligible>0</RangeFacetEligible>
      <TableEligible>1</TableEligible>
      <FacetPriority>1</FacetPriority>
      <Summarizable>1</Summarizable>
      <HighCardinality>1</HighCardinality>
      <LargeData>0</LargeData>
      <MultiValued>0</MultiValued>
      <SMAEnabledSetting>0</SMAEnabledSetting>
   </Field>
   <Field oms_version="2.99.1.0.0">
      <DisplayName>flow.pkts_toserver</DisplayName>
      <Description>Packets sent to the server.</Description>
      <FieldType>1</FieldType>
      <IsSystem>0</IsSystem>
      <IsPrimary>1</IsPrimary>
      <DataType>INTEGER</DataType>
      <IsMetricKeyEligible>0</IsMetricKeyEligible>
      <IsMetricValueEligible>0</IsMetricValueEligible>
      <FacetEligible>1</FacetEligible>
      <RangeFacetEligible>0</RangeFacetEligible>
      <TableEligible>1</TableEligible>
      <FacetPriority>1</FacetPriority>
      <Summarizable>1</Summarizable>
      <HighCardinality>1</HighCardinality>
      <LargeData>0</LargeData>
      <MultiValued>0</MultiValued>
      <SMAEnabledSetting>0</SMAEnabledSetting>
   </Field>
   <Field oms_version="2.99.1.0.0">
      <DisplayName>http.length</DisplayName>
      <Description>Size of the HTTP response (helps detect exfiltration).</Description>
      <FieldType>1</FieldType>
      <IsSystem>0</IsSystem>
      <IsPrimary>1</IsPrimary>
      <DataType>INTEGER</DataType>
      <IsMetricKeyEligible>0</IsMetricKeyEligible>
      <IsMetricValueEligible>0</IsMetricValueEligible>
      <FacetEligible>1</FacetEligible>
      <RangeFacetEligible>0</RangeFacetEligible>
      <TableEligible>1</TableEligible>
      <FacetPriority>1</FacetPriority>
      <Summarizable>1</Summarizable>
      <HighCardinality>1</HighCardinality>
      <LargeData>0</LargeData>
      <MultiValued>0</MultiValued>
      <SMAEnabledSetting>0</SMAEnabledSetting>
   </Field>
   <Parser oms_version="2.99.1.0.0" tokenize_orig_text="1" type="6">
      <Name>Suricata</Name>
      <DisplayName>Suricata</DisplayName>
      <Description>Parsers used to map Suricata Logs from OCI Logging </Description>
      <IsSingleLineContent>0</IsSingleLineContent>
      <HeaderContent>$:0</HeaderContent>
      <ExampleContent>{
  "datetime": 1740122694155,
  "logContent": {
    "id": "2eccf6ed-29d1-46f0-aeab-07acf6698e24",
    "time": "2025-02-21T07:24:54.155Z",
    "oracle": {
      "compartmentid": "ocid1.compartment.oc1..aaaaaaaagy3yddkkampnhj3cqm5ar7w2p7tuq5twbojyycvol6wugfav3ckq",
      "ingestedtime": "2025-02-21T07:27:05.737377612Z",
      "instanceid": "ocid1.instance.oc1.eu-frankfurt-1.antheljrttkvkkicuelccnj4ouhki4ubskiasx35rvjbfs5ijxrskpa5v4xa",
      "loggroupid": "ocid1.loggroup.oc1.eu-frankfurt-1.amaaaaaattkvkkiaoyldkviyjh52nhxrubshx7ibx5ixishhvwegvhmryfmq",
      "logid": "ocid1.log.oc1.eu-frankfurt-1.amaaaaaattkvkkia6li66xegvyxtbib54fjdtvsl3pjadviwf7tepdycucja",
      "tenantid": "ocid1.tenancy.oc1..aaaaaaaaxzpxbcag7zgamh2erlggqro3y63tvm2rbkkjz4z2zskvagupiz7a"
    },
    "source": "Suricata",
    "specversion": "1.0",
    "subject": "/var/log/suricata/eve.json",
    "type": "com.oraclecloud.logging.custom.Suricatalogs",
    "data": {
      "alert\\naction": "allowed",
      "alert\\ncategory": "Misc activity",
      "alert\\ngid": 1, 
      "alert\\nmetadata\\nattack_target": [
        "Client_Endpoint"
      ],
      "alert\\nmetadata\\nconfidence": [
        "High"
      ],
      "alert\\nmetadata\\ncreated_at": [
        "2017_10_23"
      ],
      "alert\\nmetadata\\ndeployment": [
        "Perimeter"
      ],
      "alert\\nmetadata\\nsignature_severity": [
        "Informational"
      ],
      "alert\\nmetadata\\nupdated_at": [
        "2024_06_13"
      ],
      "alert\\nrev": 3,
      "alert\\nseverity": 3,
      "alert\\nsignature": "ET USER_AGENTS Go HTTP Client User-Agent",
      "alert\\nsignature_id": 2024897,
      "app_proto": "http",
      "dest_ip": "169.254.169.254",
      "dest_port": 80,
      "direction": "to_server",
      "event_type": "alert",
      "flow\\nbytes_toclient": 4343,
      "flow\\nbytes_toserver": 414,
      "flow\\ndest_ip": "169.254.169.254",
      "flow\\ndest_port": 80,
      "flow\\npkts_toclient": 3,
      "flow\\npkts_toserver": 4,
      "flow\\nsrc_ip": "192.168.56.149",
      "flow\\nsrc_port": 51938,
      "flow\\nstart": "2025-02-21T07:24:54.150362+0000",
      "flow_id": 1771701727896026,
      "http\\nhostname": "169.254.169.254",
      "http\\nhttp_content_type": "application/json",
      "http\\nhttp_method": "GET",
      "http\\nhttp_user_agent": "Go-http-client/1.1",
      "http\\nlength": 3862,
      "http\\nprotocol": "HTTP/1.1",
      "http\\nstatus": 200,
      "http\\nurl": "/opc/v2/instance/",
      "in_iface": "enp0s5",
      "metadata\\nflowbits": [
        "http.dottedquadhost"
      ],
      "pkt_src": "wire/pcap",
      "proto": "TCP",
      "src_ip": "192.168.56.149",
      "src_port": 51938,
      "tailed_path": "/var/log/suricata/eve.json",
      "timestamp": "2025-02-21T07:24:54.154510+0000",
      "tx_id": 0
    }
  },
  "regionId": "eu-frankfurt-1"
}</ExampleContent>
      <IsSystem>0</IsSystem>
      <Encoding>UTF-8</Encoding>
      <Language>en_US</Language>
      <ParserFields>
         <ParserField>
            <FieldSeq>17</FieldSeq>
            <FieldName>actn</FieldName>
            <StructuredColInfo>$.logContent.data.alert\naction</StructuredColInfo>
         </ParserField>
         <ParserField>
            <FieldSeq>51</FieldSeq>
            <FieldName>bkendstatuscode</FieldName>
            <StructuredColInfo>$.logContent.data.http\nstatus</StructuredColInfo>
         </ParserField>
         <ParserField>
            <FieldSeq>6</FieldSeq>
            <FieldName>compartmentid</FieldName>
            <StructuredColInfo>$.logContent.oracle.compartmentid</StructuredColInfo>
         </ParserField>
         <ParserField>
            <FieldSeq>46</FieldSeq>
            <FieldName>conttype</FieldName>
            <StructuredColInfo>$.logContent.data.http\nhttp_content_type</StructuredColInfo>
         </ParserField>
         <ParserField>
            <FieldSeq>12</FieldSeq>
            <FieldName>datasrc</FieldName>
            <StructuredColInfo>$.logContent.source</StructuredColInfo>
         </ParserField>
         <ParserField>
            <FieldSeq>31</FieldSeq>
            <FieldName>destip</FieldName>
            <StructuredColInfo>$.logContent.data.dest_ip</StructuredColInfo>
         </ParserField>
         <ParserField>
            <FieldSeq>32</FieldSeq>
            <FieldName>destport</FieldName>
            <StructuredColInfo>$.logContent.data.dest_port</StructuredColInfo>
         </ParserField>
         <ParserField>
            <FieldSeq>7</FieldSeq>
            <FieldName>detectedtime</FieldName>
            <StructuredColInfo>$.logContent.oracle.ingestedtime</StructuredColInfo>
         </ParserField>
         <ParserField>
            <FieldSeq>34</FieldSeq>
            <FieldName>eventcat</FieldName>
            <StructuredColInfo>$.logContent.data.event_type</StructuredColInfo>
         </ParserField>
         <ParserField>
            <FieldSeq>15</FieldSeq>
            <FieldName>eventtype</FieldName>
            <StructuredColInfo>$.logContent.type</StructuredColInfo>
         </ParserField>
         <ParserField>
            <FieldSeq>47</FieldSeq>
            <FieldName>method</FieldName>
            <StructuredColInfo>$.logContent.data.http\nhttp_method</StructuredColInfo>
         </ParserField>
         <ParserField>
            <FieldSeq>24</FieldSeq>
            <FieldName>msecseverity</FieldName>
            <StructuredColInfo>$.logContent.data.alert\nmetadata\nsignature_severity</StructuredColInfo>
         </ParserField>
         <ParserField>
            <FieldSeq>8</FieldSeq>
            <FieldName>ocirsrcocid</FieldName>
            <StructuredColInfo>$.logContent.oracle.instanceid</StructuredColInfo>
         </ParserField>
         <ParserField>
            <FieldSeq>30</FieldSeq>
            <FieldName>prot</FieldName>
            <StructuredColInfo>$.logContent.data.app_proto</StructuredColInfo>
         </ParserField>
         <ParserField>
            <FieldSeq>50</FieldSeq>
            <FieldName>prot</FieldName>
            <StructuredColInfo>$.logContent.data.http\nprotocol</StructuredColInfo>
         </ParserField>
         <ParserField>
            <FieldSeq>62</FieldSeq>
            <FieldName>region</FieldName>
            <StructuredColInfo>$.regionId</StructuredColInfo>
         </ParserField>
         <ParserField>
            <FieldSeq>53</FieldSeq>
            <FieldName>srcif</FieldName>
            <StructuredColInfo>$.logContent.data.in_iface</StructuredColInfo>
         </ParserField>
         <ParserField>
            <FieldSeq>41</FieldSeq>
            <FieldName>srcip</FieldName>
            <StructuredColInfo>$.logContent.data.flow\nsrc_ip</StructuredColInfo>
         </ParserField>
         <ParserField>
            <FieldSeq>57</FieldSeq>
            <FieldName>srcip</FieldName>
            <StructuredColInfo>$.logContent.data.src_ip</StructuredColInfo>
         </ParserField>
         <ParserField>
            <FieldSeq>42</FieldSeq>
            <FieldName>srcport</FieldName>
            <StructuredColInfo>$.logContent.data.flow\nsrc_port</StructuredColInfo>
         </ParserField>
         <ParserField>
            <FieldSeq>58</FieldSeq>
            <FieldName>srcport</FieldName>
            <StructuredColInfo>$.logContent.data.src_port</StructuredColInfo>
         </ParserField>
         <ParserField>
            <FieldSeq>11</FieldSeq>
            <FieldName>tenant</FieldName>
            <StructuredColInfo>$.logContent.oracle.tenantid</StructuredColInfo>
         </ParserField>
         <ParserField>
            <FieldSeq>56</FieldSeq>
            <FieldName>tranprot</FieldName>
            <StructuredColInfo>$.logContent.data.proto</StructuredColInfo>
         </ParserField>
         <ParserField>
            <FieldSeq>29</FieldSeq>
            <FieldName>udfi29</FieldName>
            <StructuredColInfo>$.logContent.data.alert\nsignature_id</StructuredColInfo>
         </ParserField>
         <ParserField>
            <FieldSeq>36</FieldSeq>
            <FieldName>udfi30</FieldName>
            <StructuredColInfo>$.logContent.data.flow\nbytes_toserver</StructuredColInfo>
         </ParserField>
         <ParserField>
            <FieldSeq>35</FieldSeq>
            <FieldName>udfi31</FieldName>
            <StructuredColInfo>$.logContent.data.flow\nbytes_toclient</StructuredColInfo>
         </ParserField>
         <ParserField>
            <FieldSeq>39</FieldSeq>
            <FieldName>udfi31</FieldName>
            <StructuredColInfo>$.logContent.data.flow\npkts_toclient</StructuredColInfo>
         </ParserField>
         <ParserField>
            <FieldSeq>40</FieldSeq>
            <FieldName>udfi32</FieldName>
            <StructuredColInfo>$.logContent.data.flow\npkts_toserver</StructuredColInfo>
         </ParserField>
         <ParserField>
            <FieldSeq>49</FieldSeq>
            <FieldName>udfi34</FieldName>
            <StructuredColInfo>$.logContent.data.http\nlength</StructuredColInfo>
         </ParserField>
         <ParserField>
            <FieldSeq>28</FieldSeq>
            <FieldName>udfs112</FieldName>
            <StructuredColInfo>$.logContent.data.alert\nsignature</StructuredColInfo>
         </ParserField>
         <ParserField>
            <FieldSeq>52</FieldSeq>
            <FieldName>udfs113</FieldName>
            <StructuredColInfo>$.logContent.data.http\nurl</StructuredColInfo>
         </ParserField>
         <ParserField>
            <FieldSeq>48</FieldSeq>
            <FieldName>usragclntname</FieldName>
            <StructuredColInfo>$.logContent.data.http\nhttp_user_agent</StructuredColInfo>
         </ParserField>
      </ParserFields>
      <WrittenOnce>0</WrittenOnce>
      <IsDefaultParser>1</IsDefaultParser>
   </Parser>
   <FieldNameMaps>
      <FieldNameMap>
         <Name>udfi29</Name>
         <DisplayName>SuricataSignatureID</DisplayName>
      </FieldNameMap>
      <FieldNameMap>
         <Name>udfs112</Name>
         <DisplayName>SuricataSignature</DisplayName>
      </FieldNameMap>
      <FieldNameMap>
         <Name>udfi30</Name>
         <DisplayName>flow.bytes_toserver</DisplayName>
      </FieldNameMap>
      <FieldNameMap>
         <Name>udfs113</Name>
         <DisplayName>http.url</DisplayName>
      </FieldNameMap>
      <FieldNameMap>
         <Name>udfi31</Name>
         <DisplayName>flow.nbytes_toclient</DisplayName>
      </FieldNameMap>
      <FieldNameMap>
         <Name>udfi32</Name>
         <DisplayName>flow.pkts_toserver</DisplayName>
      </FieldNameMap>
      <FieldNameMap>
         <Name>udfi34</Name>
         <DisplayName>http.length</DisplayName>
      </FieldNameMap>
   </FieldNameMaps>
</LoganContent>
