<?xml version="1.0" encoding="UTF-8" standalone="no"?>
<LoganContent xmlns="http://www.oracle.com/DataCenter/LogAnalyticsStd" content_version="2.99.1.0.0" name="content_ocid1.tenancy.oc1..aaaaaaaaxzpxbcag7zgamh2erlggqro3y63tvm2rbkkjz4z2zskvagupiz7a_1740144767909" oms_version="2.99.1.0.0">
   <Field oms_version="2.99.1.0.0">
      <DisplayName>SuricataSignatureID</DisplayName>
      <FieldType>1</FieldType>
      <IsSystem>0</IsSystem>
      <IsPrimary>1</IsPrimary>
      <DataType>INTEGER</DataType>
      <IsMetricKeyEligible>0</IsMetricKeyEligible>
      <IsMetricValueEligible>0</IsMetricValueEligible>
      <FacetEligible>1</FacetEligible>
      <RangeFacetEligible>0</RangeFacetEligible>
      <TableEligible>1</TableEligible>
      <FacetPriority>1</FacetPriority>
      <Summarizable>1</Summarizable>
      <HighCardinality>1</HighCardinality>
      <LargeData>0</LargeData>
      <MultiValued>0</MultiValued>
      <SMAEnabledSetting>0</SMAEnabledSetting>
   </Field>
   <Field oms_version="2.99.1.0.0">
      <DisplayName>SuricataSignature</DisplayName>
      <FieldType>1</FieldType>
      <IsSystem>0</IsSystem>
      <IsPrimary>1</IsPrimary>
      <DataType>STRING</DataType>
      <IsMetricKeyEligible>0</IsMetricKeyEligible>
      <IsMetricValueEligible>0</IsMetricValueEligible>
      <FacetEligible>1</FacetEligible>
      <RangeFacetEligible>0</RangeFacetEligible>
      <TableEligible>1</TableEligible>
      <FacetPriority>1</FacetPriority>
      <Summarizable>1</Summarizable>
      <HighCardinality>1</HighCardinality>
      <LargeData>0</LargeData>
      <MultiValued>0</MultiValued>
      <SMAEnabledSetting>0</SMAEnabledSetting>
   </Field>
   <Field oms_version="2.99.1.0.0">
      <DisplayName>flow.bytes_toserver</DisplayName>
      <Description>Bytes sent to the server.</Description>
      <FieldType>1</FieldType>
      <IsSystem>0</IsSystem>
      <IsPrimary>1</IsPrimary>
      <DataType>INTEGER</DataType>
      <IsMetricKeyEligible>0</IsMetricKeyEligible>
      <IsMetricValueEligible>0</IsMetricValueEligible>
      <FacetEligible>1</FacetEligible>
      <RangeFacetEligible>0</RangeFacetEligible>
      <TableEligible>1</TableEligible>
      <FacetPriority>1</FacetPriority>
      <Summarizable>1</Summarizable>
      <HighCardinality>1</HighCardinality>
      <LargeData>0</LargeData>
      <MultiValued>0</MultiValued>
      <SMAEnabledSetting>0</SMAEnabledSetting>
   </Field>
   <Field oms_version="2.99.1.0.0">
      <DisplayName>flow.nbytes_toclient</DisplayName>
      <Description>Bytes received from the server.</Description>
      <FieldType>1</FieldType>
      <IsSystem>0</IsSystem>
      <IsPrimary>1</IsPrimary>
      <DataType>INTEGER</DataType>
      <IsMetricKeyEligible>0</IsMetricKeyEligible>
      <IsMetricValueEligible>0</IsMetricValueEligible>
      <FacetEligible>1</FacetEligible>
      <RangeFacetEligible>0</RangeFacetEligible>
      <TableEligible>1</TableEligible>
      <FacetPriority>1</FacetPriority>
      <Summarizable>1</Summarizable>
      <HighCardinality>1</HighCardinality>
      <LargeData>0</LargeData>
      <MultiValued>0</MultiValued>
      <SMAEnabledSetting>0</SMAEnabledSetting>
   </Field>
   <Field oms_version="2.99.1.0.0">
      <DisplayName>flow.pkts_toserver</DisplayName>
      <Description>Packets sent to the server.</Description>
      <FieldType>1</FieldType>
      <IsSystem>0</IsSystem>
      <IsPrimary>1</IsPrimary>
      <DataType>INTEGER</DataType>
      <IsMetricKeyEligible>0</IsMetricKeyEligible>
      <IsMetricValueEligible>0</IsMetricValueEligible>
      <FacetEligible>1</FacetEligible>
      <RangeFacetEligible>0</RangeFacetEligible>
      <TableEligible>1</TableEligible>
      <FacetPriority>1</FacetPriority>
      <Summarizable>1</Summarizable>
      <HighCardinality>1</HighCardinality>
      <LargeData>0</LargeData>
      <MultiValued>0</MultiValued>
      <SMAEnabledSetting>0</SMAEnabledSetting>
   </Field>
   <Field oms_version="2.99.1.0.0">
      <DisplayName>flow.pkts_toclient</DisplayName>
      <Description>Packets received from the server.</Description>
      <FieldType>1</FieldType>
      <IsSystem>0</IsSystem>
      <IsPrimary>1</IsPrimary>
      <DataType>INTEGER</DataType>
      <IsMetricKeyEligible>0</IsMetricKeyEligible>
      <IsMetricValueEligible>0</IsMetricValueEligible>
      <FacetEligible>1</FacetEligible>
      <RangeFacetEligible>0</RangeFacetEligible>
      <TableEligible>1</TableEligible>
      <FacetPriority>1</FacetPriority>
      <Summarizable>1</Summarizable>
      <HighCardinality>1</HighCardinality>
      <LargeData>0</LargeData>
      <MultiValued>0</MultiValued>
      <SMAEnabledSetting>0</SMAEnabledSetting>
   </Field>
   <Field oms_version="2.99.1.0.0">
      <DisplayName>VIEW_TIMESTAMP</DisplayName>
      <FieldType>1</FieldType>
      <IsSystem>0</IsSystem>
      <IsPrimary>1</IsPrimary>
      <DataType>STRING</DataType>
      <IsMetricKeyEligible>0</IsMetricKeyEligible>
      <IsMetricValueEligible>0</IsMetricValueEligible>
      <FacetEligible>1</FacetEligible>
      <RangeFacetEligible>0</RangeFacetEligible>
      <TableEligible>1</TableEligible>
      <FacetPriority>1</FacetPriority>
      <Summarizable>1</Summarizable>
      <HighCardinality>1</HighCardinality>
      <LargeData>0</LargeData>
      <MultiValued>0</MultiValued>
      <SMAEnabledSetting>0</SMAEnabledSetting>
   </Field>
   <Parser oms_version="2.99.1.0.0" tokenize_orig_text="1" type="6">
      <Name>SuricataAlerts</Name>
      <DisplayName>SuricataAlerts</DisplayName>
      <Description>Parsers used to map Suricata Logs from OCI Logging for event type alert</Description>
      <IsSingleLineContent>0</IsSingleLineContent>
      <HeaderContent>$:0</HeaderContent>
      <ExampleContent>{
  "id": "1db1129d-040b-48c4-b0b5-29a109d9d8b9",
  "time": "2025-02-21T10:21:12.622Z",
  "oracle": {
    "compartmentid": "ocid1.compartment.oc1..aaaaa3ckq",
    "ingestedtime": "2025-02-21T10:21:38.838495594Z",
    "instanceid": "ocid1.instance.oc1.eu-frankfurt-1.antxa",
    "loggroupid": "ocid1.loggroup.oc1.eu-frankfurt-1.amaaaaafmq",
    "logid": "ocid1.log.oc1.eu-frankfurt-1.amaaaaaattkxucja",
    "tenantid": "ocid1.tenancy.oc1..aaaax7a"
  },
  "source": "Suricata",
  "specversion": "1.0",
  "subject": "/var/log/suricata/eve.json",
  "type": "com.oraclecloud.logging.custom.Suricatalogs",
  "data": {
    "alert\\naction": "allowed",
    "alert\\ncategory": "Generic Protocol Command Decode",
    "alert\\ngid": 1,
    "alert\\nrev": 2,
    "alert\\nseverity": 3,
    "alert\\nsignature": "SURICATA STREAM ESTABLISHED SYNACK resend with different ACK",
    "alert\\nsignature_id": 2210023,
    "app_proto": "smb",
    "dest_ip": "192.168.56.11",
    "dest_port": 51974,
    "direction": "to_client",
    "event_type": "alert",
    "flow\\nbytes_toclient": 456,
    "flow\\nbytes_toserver": 354,
    "flow\\ndest_ip": "192.168.56.22",
    "flow\\ndest_port": 445,
    "flow\\npkts_toclient": 3,
    "flow\\npkts_toserver": 4,
    "flow\\nsrc_ip": "192.168.56.11",
    "flow\\nsrc_port": 51974,
    "flow\\nstart": "2025-02-21T10:21:12.620953+0000",
    "flow_id": 133702207748690,
    "in_iface": "enp1s0",
    "pkt_src": "vxlan encapsulation",
    "proto": "TCP",
    "src_ip": "192.168.56.22",
    "src_port": 445,
    "tailed_path": "/var/log/suricata/eve.json",
    "timestamp": "2025-02-21T10:21:12.621006+0000",
    "tunnel\\ndepth": 1,
    "tunnel\\ndest_ip": "192.168.56.30",
    "tunnel\\ndest_port": 4789,
    "tunnel\\npkt_src": "wire/pcap",
    "tunnel\\nproto": "UDP",
    "tunnel\\nsrc_ip": "192.168.56.11",
    "tunnel\\nsrc_port": 51872
  }
}</ExampleContent>
      <IsSystem>0</IsSystem>
      <Encoding>UTF-8</Encoding>
      <Language>en_US</Language>
      <ParserFields>
         <ParserField>
            <FieldSeq>8</FieldSeq>
            <FieldName>alertseverity</FieldName>
            <StructuredColInfo>$.data.alert\nseverity</StructuredColInfo>
         </ParserField>
         <ParserField>
            <FieldSeq>27</FieldSeq>
            <FieldName>cat</FieldName>
            <StructuredColInfo>$.data.alert\ncategory</StructuredColInfo>
         </ParserField>
         <ParserField>
            <FieldSeq>2</FieldSeq>
            <FieldName>compartmentid</FieldName>
            <StructuredColInfo>$.oracle.compartmentid</StructuredColInfo>
         </ParserField>
         <ParserField>
            <FieldSeq>11</FieldSeq>
            <FieldName>destip</FieldName>
            <StructuredColInfo>$.data.dest_ip</StructuredColInfo>
         </ParserField>
         <ParserField>
            <FieldSeq>17</FieldSeq>
            <FieldName>destip</FieldName>
            <StructuredColInfo>$.data.flow\ndest_ip</StructuredColInfo>
         </ParserField>
         <ParserField>
            <FieldSeq>45</FieldSeq>
            <FieldName>destip</FieldName>
            <StructuredColInfo>$.data.tunnel\ndest_ip</StructuredColInfo>
         </ParserField>
         <ParserField>
            <FieldSeq>12</FieldSeq>
            <FieldName>destport</FieldName>
            <StructuredColInfo>$.data.dest_port</StructuredColInfo>
         </ParserField>
         <ParserField>
            <FieldSeq>18</FieldSeq>
            <FieldName>destport</FieldName>
            <StructuredColInfo>$.data.flow\ndest_port</StructuredColInfo>
         </ParserField>
         <ParserField>
            <FieldSeq>46</FieldSeq>
            <FieldName>destport</FieldName>
            <StructuredColInfo>$.data.tunnel\ndest_port</StructuredColInfo>
         </ParserField>
         <ParserField>
            <FieldSeq>13</FieldSeq>
            <FieldName>direction</FieldName>
            <StructuredColInfo>$.data.direction</StructuredColInfo>
         </ParserField>
         <ParserField>
            <FieldSeq>34</FieldSeq>
            <FieldName>eventcat</FieldName>
            <StructuredColInfo>$.data.app_proto</StructuredColInfo>
         </ParserField>
         <ParserField>
            <FieldSeq>14</FieldSeq>
            <FieldName>eventtype</FieldName>
            <StructuredColInfo>$.data.event_type</StructuredColInfo>
         </ParserField>
         <ParserField>
            <FieldSeq>23</FieldSeq>
            <FieldName>flowid</FieldName>
            <StructuredColInfo>$.data.flow_id</StructuredColInfo>
         </ParserField>
         <ParserField>
            <FieldSeq>24</FieldSeq>
            <FieldName>if</FieldName>
            <StructuredColInfo>$.data.in_iface</StructuredColInfo>
         </ParserField>
         <ParserField>
            <FieldSeq>4</FieldSeq>
            <FieldName>logid</FieldName>
            <StructuredColInfo>$.oracle.logid</StructuredColInfo>
         </ParserField>
         <ParserField>
            <FieldSeq>3</FieldSeq>
            <FieldName>ocirsrcocid</FieldName>
            <StructuredColInfo>$.oracle.instanceid</StructuredColInfo>
         </ParserField>
         <ParserField>
            <FieldSeq>5</FieldSeq>
            <FieldName>src</FieldName>
            <StructuredColInfo>$.source</StructuredColInfo>
         </ParserField>
         <ParserField>
            <FieldSeq>21</FieldSeq>
            <FieldName>srcip</FieldName>
            <StructuredColInfo>$.data.flow\nsrc_ip</StructuredColInfo>
         </ParserField>
         <ParserField>
            <FieldSeq>40</FieldSeq>
            <FieldName>srcip</FieldName>
            <StructuredColInfo>$.data.src_ip</StructuredColInfo>
         </ParserField>
         <ParserField>
            <FieldSeq>49</FieldSeq>
            <FieldName>srcip</FieldName>
            <StructuredColInfo>$.data.tunnel\nsrc_ip</StructuredColInfo>
         </ParserField>
         <ParserField>
            <FieldSeq>22</FieldSeq>
            <FieldName>srcport</FieldName>
            <StructuredColInfo>$.data.flow\nsrc_port</StructuredColInfo>
         </ParserField>
         <ParserField>
            <FieldSeq>41</FieldSeq>
            <FieldName>srcport</FieldName>
            <StructuredColInfo>$.data.src_port</StructuredColInfo>
         </ParserField>
         <ParserField>
            <FieldSeq>50</FieldSeq>
            <FieldName>srcport</FieldName>
            <StructuredColInfo>$.data.tunnel\nsrc_port</StructuredColInfo>
         </ParserField>
         <ParserField>
            <FieldSeq>6</FieldSeq>
            <FieldName>subj</FieldName>
            <StructuredColInfo>$.subject</StructuredColInfo>
         </ParserField>
         <ParserField>
            <FieldSeq>32</FieldSeq>
            <FieldName>tenant</FieldName>
            <StructuredColInfo>$.oracle.tenantid</StructuredColInfo>
         </ParserField>
         <ParserField>
            <FieldSeq>1</FieldSeq>
            <FieldName>time</FieldName>
            <StructuredColInfo>$.time</StructuredColInfo>
         </ParserField>
         <ParserField>
            <FieldSeq>25</FieldSeq>
            <FieldName>tranprot</FieldName>
            <StructuredColInfo>$.data.proto</StructuredColInfo>
         </ParserField>
         <ParserField>
            <FieldSeq>7</FieldSeq>
            <FieldName>type</FieldName>
            <StructuredColInfo>$.type</StructuredColInfo>
         </ParserField>
         <ParserField>
            <FieldSeq>10</FieldSeq>
            <FieldName>udfi29</FieldName>
            <StructuredColInfo>$.data.alert\nsignature_id</StructuredColInfo>
         </ParserField>
         <ParserField>
            <FieldSeq>16</FieldSeq>
            <FieldName>udfi30</FieldName>
            <StructuredColInfo>$.data.flow\nbytes_toserver</StructuredColInfo>
         </ParserField>
         <ParserField>
            <FieldSeq>15</FieldSeq>
            <FieldName>udfi31</FieldName>
            <StructuredColInfo>$.data.flow\nbytes_toclient</StructuredColInfo>
         </ParserField>
         <ParserField>
            <FieldSeq>20</FieldSeq>
            <FieldName>udfi32</FieldName>
            <StructuredColInfo>$.data.flow\npkts_toserver</StructuredColInfo>
         </ParserField>
         <ParserField>
            <FieldSeq>19</FieldSeq>
            <FieldName>udfi33</FieldName>
            <StructuredColInfo>$.data.flow\npkts_toclient</StructuredColInfo>
         </ParserField>
         <ParserField>
            <FieldSeq>9</FieldSeq>
            <FieldName>udfs112</FieldName>
            <StructuredColInfo>$.data.alert\nsignature</StructuredColInfo>
         </ParserField>
         <ParserField>
            <FieldSeq>26</FieldSeq>
            <FieldName>udfs39</FieldName>
            <StructuredColInfo>$.data.timestamp</StructuredColInfo>
         </ParserField>
      </ParserFields>
      <WrittenOnce>0</WrittenOnce>
      <IsDefaultParser>1</IsDefaultParser>
   </Parser>
   <FieldNameMaps>
      <FieldNameMap>
         <Name>udfi29</Name>
         <DisplayName>SuricataSignatureID</DisplayName>
      </FieldNameMap>
      <FieldNameMap>
         <Name>udfs112</Name>
         <DisplayName>SuricataSignature</DisplayName>
      </FieldNameMap>
      <FieldNameMap>
         <Name>udfi30</Name>
         <DisplayName>flow.bytes_toserver</DisplayName>
      </FieldNameMap>
      <FieldNameMap>
         <Name>udfi31</Name>
         <DisplayName>flow.nbytes_toclient</DisplayName>
      </FieldNameMap>
      <FieldNameMap>
         <Name>udfi32</Name>
         <DisplayName>flow.pkts_toserver</DisplayName>
      </FieldNameMap>
      <FieldNameMap>
         <Name>udfi33</Name>
         <DisplayName>flow.pkts_toclient</DisplayName>
      </FieldNameMap>
      <FieldNameMap>
         <Name>udfs39</Name>
         <DisplayName>VIEW_TIMESTAMP</DisplayName>
      </FieldNameMap>
   </FieldNameMaps>
</LoganContent>
